name,address,phone,website,rating,total_reviews,price_level,business_status,types,place_id,query_used,scraped_at,emails
Barber,"211 Boundary Rd, London E13 9QF, UK",,,4.7,139,,OPERATIONAL,,ChIJFY4VSKan2EcR9_g9GwiHTYo,Barbers,2025-09-17T16:31:43.043758,
Billy’s Barber's (Stratford),"20 W Ham Ln, London E15 4SA, UK",07944 446944,http://billysbarbers.booksy.com/,4.6,739,,OPERATIONAL,,ChIJNQiNoYun2EcRf0x6PioKZx8,Barbers,2025-09-17T16:31:45.745273,info@billysbarbers.booksy.com
Bstar barber,"41 Prince Regent Ln, London E13 8RH, UK",07865 969078,,4.6,62,,OPERATIONAL,,ChIJ8auG3GOn2EcR4m4i2JAZj5k,Barbers,2025-09-17T16:31:44.656660,
Ceylon Star Barber Shop,"86 London Rd, London E13 0DD, UK",07939 852060,,4.9,79,,OPERATIONAL,,ChIJn9SFGq-n2EcRF6i9d1N6O5Y,Barbers,2025-09-17T16:31:43.865107,
Clear Cuts Barbershop,"44 Plashet Rd, London E13 0PU, UK",020 8586 6756,,4.7,44,,OPERATIONAL,,ChIJ1SRylL-n2EcRFCyVppQRZo8,Barbers,2025-09-17T16:31:45.455867,
Dani Barbers,"404 Barking Rd, London E13 8HJ, UK",07713 160022,,4.4,78,,OPERATIONAL,,ChIJM3NZh92n2EcRoFwCMgtZpDQ,Barbers,2025-09-17T16:31:46.181893,
E13 Clean Cut,"115 High St, London E13 0AD, UK",07727 188950,,4.5,35,,OPERATIONAL,,ChIJDQilN7-n2EcRBhpB6ZYaZIY,Barbers,2025-09-17T16:31:44.836201,
Euro Barbers,"342 Barking Rd, London E13 8HJ, UK",07713 160022,,4.2,32,,OPERATIONAL,,ChIJFb5AIuen2EcR2MKKa8Pnqwk,Barbers,2025-09-17T16:31:46.361650,
FADE TOWN BARBERSHOP,"39 Plashet Grove, London E6 1AD, UK",,https://www.instagram.com/tribal_fadez?igsh=MXY3ZXNyeGRzcmNpeQ==,4.1,38,,OPERATIONAL,,ChIJD0KlRmOn2EcRmi0-odSbffA,Barbers,2025-09-17T16:31:45.081388,info@www.instagram.com
FI Barbers,"91 Upton Ln, London E7 9PB, UK",,,5.0,611,,OPERATIONAL,,ChIJ35qHoX2n2EcR8NbmYQGig20,Barbers,2025-09-17T16:31:44.444896,
Fade Cave Turkish Barbers,"86 High St S, London E6 3RL, UK",07308 471283,https://fadecave.org/,4.9,792,,OPERATIONAL,,ChIJK5mcBZKn2EcRAo-_Gxym5XU,Barbers,2025-09-17T16:31:43.487252,info@fadecave.org
Fadez & Bladez ltd,"131 B166, London E13 8AF, UK",020 3603 6727,https://fadezandbladez.wixsite.com/website,4.2,158,,OPERATIONAL,,ChIJE5Z7pMKn2EcRWZwhPJPd74o,Barbers,2025-09-17T16:31:44.081194,fadezandbladez@gmail.com
Hair & Beauti Station,"373 Green St, London E13 9AU, UK",07711 940786,https://sitelift.site/hairandbeautistation/,4.9,326,,OPERATIONAL,,ChIJXThPWjin2EcRJw1wLWc_QzA,Barbers,2025-09-17T16:31:45.271040,hairbeautistation@outlook.com
King's Place Barbershop,"154 Grange Rd, London E13 0HB, UK",07429 393803,http://kingsplacebarbershop.co.uk/?utm_source=gmb&utm_medium=referral,4.9,96,,OPERATIONAL,,ChIJixmOquin2EcRQMVMpDtPags,Barbers,2025-09-17T16:31:43.231656,info@kingsplacebarbershop.co.uk
Mr Tee Plaistow Barber Shop,"326 Barking Rd, London E13 8HL, UK",020 7511 6466,,4.3,152,,OPERATIONAL,,ChIJFd3WJuen2EcRq2251gKhLHA,Barbers,2025-09-17T16:31:45.951908,
New Trimz,"64B Prince Regent Ln, London E13 8QQ, UK",07415 945485,,4.5,95,,OPERATIONAL,,ChIJD8codNun2EcRz17aZe4AGPY,Barbers,2025-09-17T16:31:43.671902,
Plaistow Barbers,"249B Plaistow Rd, London E15 3EU, UK",07378 143250,https://www.facebook.com/ichangovbarbers/?eid=ARC3rigFZycWD5A--rtlv_NuT7sZX1Qwm4dz1-xuf5UvvAiKaT7dWF8oLgD4_Km5U-rhYAqkzHlm5H9H&timeline_context_item_type=intro_card_work&timeline_context_item_source=100000731117714&fref=tag,4.6,45,,OPERATIONAL,,ChIJpxCzR-yn2EcRnlAy1E8yQgY,Barbers,2025-09-17T16:31:46.544654,info@www.facebook.com
Vogue Fades,"136A Greengate St, London E13 0AS, UK",07932 340831,http://www.vogue-fades.uk/,4.8,120,,OPERATIONAL,,ChIJhS7qG42n2EcRL67dFOL3IEk,Barbers,2025-09-17T16:31:42.833926,info@www.vogue-fades.uk
Yasin's Slick n Style,"209 Boundary Rd, London E13 9QF, UK",020 8470 7455,,4.6,171,,OPERATIONAL,,ChIJb9P73dGn2EcR3J_hFv1ccPE,Barbers,2025-09-17T16:31:44.256510,
Zayn The Clipper hq canning town,"Zayn, the clipper HQ, 13a Minnie Baldock St, Hallsville Quarter E16 1YE, UK",020 3887 8076,http://www.zayntheclipper.com/,4.4,425,,OPERATIONAL,,ChIJH0Ne_1yp2EcRdfgD1yoq0SE,Barbers,2025-09-17T16:31:46.731974,hello@zayntheclipper.com
Catherine Nails Blackwall,"126 Blackwall Way, London E14 9BA, UK",07492 888336,https://instagram.com/catherine71.nails,4.8,161,,OPERATIONAL,,ChIJnyerZk0DdkgRsmt1Km914YQ,Nail salon,2025-09-17T16:31:40.620416,info@instagram.com
D&L Nails,"2B Holme Rd, London E6 1LY, UK",020 8127 0718,https://www.instagram.com/dnlnails/,4.2,171,,OPERATIONAL,,ChIJtcO9zpSn2EcRyL3z5sasnuI,Nail salon,2025-09-17T16:31:41.075974,info@www.instagram.com
Dream Nails Royal Wharf,"10 Royal Crest Ave., London E16 2TQ, UK",020 7476 0082,https://www.dreamnails.co.uk/,4.6,662,,OPERATIONAL,,ChIJ5YIwQk2p2EcRwFHFzGG2UaY,Nail salon,2025-09-17T16:31:39.824395,info@www.dreamnails.co.uk
Elegant Nails,"58 Barking Rd, London E6 3BP, UK",020 8472 1660,,3.3,127,,OPERATIONAL,,ChIJWSsPss6n2EcRlvQ0TnzNF2U,Nail salon,2025-09-17T16:31:38.557229,
Greengate Nails,"558 Barking Rd, London E13 9JU, UK",020 8470 8484,http://greengatenails.co.uk/,4.0,130,,OPERATIONAL,,ChIJ_xwRsMSn2EcR_X1GuJLMXuA,Nail salon,2025-09-17T16:31:38.332541,info@greengatenails.co.uk
Kenny Nail Bar - London E12,"8 Station Rd, London E12 5BT, UK",07311 326626,https://www.instagram.com/kennynails_london?igsh=ZmRnbjh3ZW04cTB4&utm_source=qr,4.9,195,,OPERATIONAL,,ChIJObTfgg2n2EcRuKzUKQiipic,Nail salon,2025-09-17T16:31:38.058804,info@www.instagram.com
Kiki Nail Salon,"11 Freemasons Rd, London E16 3AR, UK",020 7474 7787,,4.6,97,,OPERATIONAL,,ChIJFZFKjnSo2EcRF7fS4W2NaJc,Nail salon,2025-09-17T16:31:41.683806,
Luxury Nails 101,"101 Woodgrange Rd, London E7 0EP, UK",07448 815444,https://www.luxurynails101woodgrange.co.uk/,4.5,111,,OPERATIONAL,,ChIJ_ZmMg0qn2EcRamhlycRux2c,Nail salon,2025-09-17T16:31:38.779631,info@www.luxurynails101woodgrange.co.uk
Michelle's American Nails Ltd,"379 Barking Rd, London E13 8AL, UK",020 7476 6755,,3.6,58,,OPERATIONAL,,ChIJTw9hbd2n2EcRfJ34oYbTagg,Nail salon,2025-09-17T16:31:39.587869,
Nail Shop London,"65 W Ham Ln, London E15 4PH, UK",020 8534 9997,,4.5,64,,OPERATIONAL,,ChIJrWvtmIun2EcRoQPKQ1UkOiM,Nail salon,2025-09-17T16:31:41.490695,
Pink Nails Spa,"302 Barking Rd, London E13 8HL, UK",07848 019264,https://www.pinknailspa.co.uk/treatments-1,3.8,65,,OPERATIONAL,,ChIJC2AE-cun2EcR8CtjewW09zE,Nail salon,2025-09-17T16:31:39.187534,info@www.pinknailspa.co.uk
Queen's Nail London,"119 Woodgrange Rd, London E7 0EW, UK",020 8221 2559,,4.4,134,,OPERATIONAL,,ChIJ6bPoPaKn2EcRPNDIl3lNmKc,Nail salon,2025-09-17T16:31:41.920484,
S Beauty Nail&Lash,"GB London, Room 10177 Marsh Wall, SQB E14 9SH, UK",07512 669464,http://ygsn.mase.cloud/,4.9,31,,OPERATIONAL,,ChIJZYwJ_fADdkgRKthDVnJ8dGU,Nail salon,2025-09-17T16:31:40.409042,info@ygsn.mase.cloud
Starlight Nails,"1A Skeffington Rd, London E6 2NA, UK",020 8552 7511,http://www.instagram.com/starlightnails_eastham,4.1,125,,OPERATIONAL,,ChIJCd8V1kmm2EcRDd2GjUW4FDw,Nail salon,2025-09-17T16:31:41.263580,info@www.instagram.com
Stratford Nails,"40 Warton Rd, London E15 2JS, UK",07913 138888,https://www.stratfordnails.com/,4.2,174,,OPERATIONAL,,ChIJi8LeZmcddkgRPZbJAFRuM5M,Nail salon,2025-09-17T16:31:42.099492,info@www.stratfordnails.com
TW Nails Club,"Unit 135, Chimney Parade, Omega Works, 4 Roach Rd, Fish Island, London E3 2GY, UK",07535 676310,https://book.squareup.com/appointments/ymtc84pudzu0h6/location/LB5RPWJ9J4CGX,4.9,107,,OPERATIONAL,,ChIJA9m3YXkddkgRKXPDXR2WSSA,Nail salon,2025-09-17T16:31:40.874480,info@book.squareup.com
The Nail Lounge,"Barking Rd, London E6 1LB, UK",,https://app.bookerise.com/customer_booking?booking_link_id=681e56eb6af8cf45cc445aaa,5.0,21,,OPERATIONAL,,ChIJITiwc0Gn2EcRoh9G9l7JB6E,Nail salon,2025-09-17T16:31:39.395888,info@app.bookerise.com
The Nail Spa,"The Street, Westfield stratford city, London E20 1EJ, UK",07454 939388,https://www.nailspastratford.com/,3.8,574,,OPERATIONAL,,ChIJUxCdiWQddkgRViJjIjXTFLs,Nail salon,2025-09-17T16:31:40.229348,"tnswestfieldstratford@gmail.com, tnswestfieldstratford@gmail.comfirst"
Tips & Toes,"161 Barking Rd, London E16 4HQ, UK",020 7476 4286,,4.3,255,,OPERATIONAL,,ChIJN4CAI-On2EcRm9FNfmPx3bQ,Nail salon,2025-09-17T16:31:38.984143,
Zoe Nail and Spa,"379 Green St, London E13 9AU, UK",020 8471 5328,,3.2,45,,OPERATIONAL,,ChIJC09Avsin2EcR0V_ShUOW5ks,Nail salon,2025-09-17T16:31:40.021496,
D Building Ltd,"62, Stubbs Point, New Barn St, London E13 8JN, UK",07872 930772,https://www.dbuildingltd.co.uk/,5.0,37,,OPERATIONAL,,ChIJBSyvZtSn2EcR_C2Jplpz4NI,builders,2025-09-17T16:31:47.523492,info@dbuildingltd.co.uk
De Builder & Landscape,"12 Hartland Rd, London E15 4AR, UK",07553 754059,https://debuilderlandscape.co.uk/,5.0,33,,OPERATIONAL,,ChIJs0BeeMmn2EcR0hfN4ET6iuI,builders,2025-09-17T16:31:47.950194,info@debuilderlandscape.co.uk
East London Builders Merchant,"82 Katherine Rd, London E6 1EN, UK",020 8470 3898,,4.4,14,,OPERATIONAL,,ChIJtweCO3un2EcRLn3qab9z_hc,builders,2025-09-17T16:31:48.212843,
Eastend Build,"73 Portway, London E15 3QG, UK",020 8555 3222,https://eastendbuild.com/,4.9,64,,OPERATIONAL,,ChIJrQELlHCn2EcR5KDJlVhg-EU,builders,2025-09-17T16:31:48.797803,info@eastendbuild.com
Elevate Remodeling Builders LTD,"Green St, London E7 8LL, UK",07438 442361,https://elevatebuildersltd.co.uk/,5.0,6,,OPERATIONAL,,ChIJmdi3VMin2EcRv23uIrPEjZg,builders,2025-09-17T16:31:50.574777,elevatebuildersfr@gmail.com
Essex Construction and Builders Ltd,"11 Joan Gardens, Dagenham RM8 1QX, UK",020 3983 4770,https://www.essexconstructionbuilders.co.uk/,4.9,24,,OPERATIONAL,,ChIJVyRLfN-l2EcRiOFBgTvWyUU,builders,2025-09-17T16:31:50.831642,contact02039834770team@essexconstructionbuilders.co.uk
Green House Builders,"45 Cleves Rd, London E6 1QF, UK",07466 684684,,5.0,1,,OPERATIONAL,,ChIJc8Ahvgin2EcReNsRHYDUTss,builders,2025-09-17T16:31:48.969535,
H & S Builders Merchants,"352-354 Katherine Rd, London E7 8NW, UK",020 8470 2740,https://hsbuildersmerchants.co.uk/,3.8,95,,OPERATIONAL,,ChIJr4LY1bCn2EcRaksqVjcigBo,builders,2025-09-17T16:31:49.153467,sales@hsbuildersmerchants.co.uk
H.M Builders,"Lincoln St, London E11 4PZ, UK",07811 867710,https://www.hm-builders.co.uk/,5.0,14,,OPERATIONAL,,ChIJ3YOuXLWn2EcRvnOi0tOr9RY,builders,2025-09-17T16:31:49.976027,info@www.hm-builders.co.uk
Hereni Builders LTD,"Eclipse Rd, London E13 8LX, UK",,,5.0,15,,OPERATIONAL,,ChIJkQdU8SCn2EcRtjJ0LF_ny-I,builders,2025-09-17T16:31:47.763107,
JM Builders,"71 Lawrence Rd, London E6 1JN, UK",07939 620645,,3.2,13,,OPERATIONAL,,ChIJ_9Iivkqm2EcRASMVccwzrwA,builders,2025-09-17T16:31:48.411782,
Luckings Builders,"170 Forest Ln, London E7 9BB, UK",020 8503 1500,,4.8,19,,OPERATIONAL,,ChIJ2-wCi5in2EcRB5Nneb2Kj0M,builders,2025-09-17T16:31:49.784452,
Majors Builders Merchants Ltd,"Southend Rd, London E6 2AL, UK",020 8470 8199,,4.0,150,,OPERATIONAL,,ChIJ6W5q50Wm2EcRzcTRdQP-tbw,builders,2025-09-17T16:31:50.388293,
Mg Builders London Ltd,"19 Sherwood Gardens, Barking IG11 9TH, UK",07887 941198,,5.0,5,,OPERATIONAL,,ChIJ-_T8Z7in2EcR5prBnsye3g0,builders,2025-09-17T16:31:50.166958,
NASRI & Salim Builders,"Green St, London E13 9AU, UK",07951 638121,,5.0,2,,OPERATIONAL,,ChIJ_f9s0UGn2EcRcnUaFSDFSY0,builders,2025-09-17T16:31:48.596889,
SU Builders & DIY,"102, 106 Katherine Rd, London E6 1EN, UK",020 8472 7479,,4.2,23,,OPERATIONAL,,ChIJjc7mtcqn2EcR1rOhpJPq1Fs,builders,2025-09-17T16:31:49.346769,
Samy Builders LTD,"58, The Odeon, Barking IG11 8RR, UK",07785 791693,https://samybuilders.co.uk/,5.0,7,,OPERATIONAL,,ChIJb21KdQUyYSQRswIMh0R6QLM,builders,2025-09-17T16:31:49.532349,info@samybuilders.co.uk
Upton Park Builders Merchants London,"434-436 Green St, London E13 9DB, UK",020 8552 1060,,4.5,276,,OPERATIONAL,,ChIJBQsijMin2EcRdpGz3MUqLNc,builders,2025-09-17T16:31:47.346491,
Vasarti Builders Limited,"Kingsland Rd, London E13 9NU, UK",07728 553753,http://vasartibuilders.co.uk/,5.0,6,,OPERATIONAL,,ChIJr7s49Fin2EcRMe2wQdYSGzA,builders,2025-09-17T16:31:51.014081,info@vasartibuilders.co.uk
Willmore Builders,"43A Lakedale Rd, London SE18 1PR, UK",07713 024696,http://www.willmorebuilders.com/,5.0,13,,OPERATIONAL,,ChIJXabiEDyp2EcRo5k6Ub1is8k,builders,2025-09-17T16:31:51.217843,"enquiries@willmoreroofing.co.uk, willmorebuilders@gmail.com"
Ali’s Deli Cafe,"566 Barking Rd, London E13 9JU, UK",020 8503 4242,https://www.alisdeli.com/,4.3,138,,OPERATIONAL,,ChIJwd1T5CSn2EcROqfxsBH7TpU,cafes,2025-09-17T16:29:22.364639,info@www.alisdeli.com
Beans & Beyond,"819 Commercial Rd, London E14 7HG, UK",020 3089 6961,http://www.bbcafe.co.uk/,4.6,612,,OPERATIONAL,,ChIJ2RyvkhQDdkgRST7cr_x-nBQ,cafes,2025-09-17T16:29:22.118285,info@www.bbcafe.co.uk
Bloom Cafe x Pie Republic,"80 Upton Ln, London E7 9LW, UK",020 8050 6723,https://bloomcafes.co.uk/,4.6,273,2.0,OPERATIONAL,,ChIJU_Gnn4mn2EcRwqLOSaNXciU,cafes,2025-09-17T16:29:20.957664,info@bloomcafes.co.uk
De Cafe Lounge & De biryani Lounge,"14 Barking Rd, London E6 3BP, UK",020 8552 4442,,4.2,445,2.0,OPERATIONAL,,ChIJVysPss6n2EcRkYHwLKQwFrc,cafes,2025-09-17T16:29:21.503912,
Kyla's Cafe Bistro,"Unit 3, Court, 14 Turnberry Quay, Clonmel E14 9GY, UK",020 3883 1141,https://kylaslondon.co.uk/,4.5,1399,2.0,OPERATIONAL,,ChIJm46ImiwDdkgRO57AKvKIPKU,cafes,2025-09-17T16:29:21.691454,info@kylaslondon.co.uk
The Milk Tree,"34 Barking Rd, London E16 1EQ, UK",,https://themilktreelondon.com/,4.5,612,2.0,OPERATIONAL,,ChIJq_bkEwyn2EcRUMSTOuiTh_s,cafes,2025-09-17T16:29:20.560107,info@themilktreelondon.com
The Yurt Café,"St. Katharine's Precinct, 2 Butcher Row, London E14 8DS, UK",0300 111 1147,http://www.rfsk.org.uk/yurt-cafe,4.6,1222,2.0,OPERATIONAL,,ChIJSWdwgdMCdkgRSqqVYyuPDJM,cafes,2025-09-17T16:29:21.927398,"info@rfsk.org.uk, conferences@rfsk.org.uk, info@rfsk.org.ukreservations, reservations@rfsk.org.uk"
XIX Nineteen,"369 High St, Greater, London E15 4QZ, UK",07796 817690,https://linktr.ee/XIXNINETEENRESTAURANT,4.4,1064,1.0,OPERATIONAL,,ChIJmQHPzGEddkgRNno72oCuJLc,cafes,2025-09-17T16:29:21.312100,info@linktr.ee
Anteiku Coffee Shop,"2, The Triangle, Tanner St, Barking IG11 8QA, UK",07436 532240,https://anteiku.co.uk/,4.9,115,,OPERATIONAL,,ChIJZcYZPBCn2EcRqVV1T0t5Aik,coffee shops,2025-09-17T16:29:16.994804,mike@anteiku.co.uk
COFFEE PALACE,"1 Prince Regent Ln, London E13 8RH, UK",07438 925784,,4.7,41,,OPERATIONAL,,ChIJt5wOqCWn2EcRNLw6617tFns,coffee shops,2025-09-17T16:29:15.954431,
Cafe Doro,"316 Barking Rd, London E6 3BA, UK",020 3793 3979,,4.9,77,,OPERATIONAL,,ChIJIYWmHl6n2EcRYQTzxO9ZgFk,coffee shops,2025-09-17T16:29:15.768681,
Ethical Bean Company Coffee Shop,"41 Dace Rd, Fish Island, London E3 2NG, UK",07379 699318,https://www.ethicalbeancompany.com/,4.9,3251,,OPERATIONAL,,ChIJrSJEN50ddkgRwSdePpr8j24,coffee shops,2025-09-17T16:29:17.638971,hello@ethicalbeancompany.com
Hermanos Colombian Coffee Roasters – The Gantry (Stratford),"40 Celebration Ave, East Village, London E20 1DB, UK",,http://www.hermanoscoffeeroasters.com/,4.5,130,,OPERATIONAL,,ChIJl9YQ_BsddkgRixUE4g55DD0,coffee shops,2025-09-17T16:29:17.213626,info@www.hermanoscoffeeroasters.com
Mackbear Coffee East Ham,"Old Fire Station, 1 High St S, London E6 6EN, UK",,https://linktr.ee/MackBearCoffee_UK,4.4,93,,OPERATIONAL,,ChIJp7jWmxyn2EcRhd9FxxfvIfw,coffee shops,2025-09-17T16:29:17.443954,info@linktr.ee
Mattcup Roastery,"263 Plaistow Rd, London E13 0DY, UK",,https://www.mattcuproastery.co.uk/,4.6,110,,OPERATIONAL,,ChIJ5QyfWWyn2EcRnaPsUr2eSLw,coffee shops,2025-09-17T16:29:16.776029,hello@mattcuproastery.co.uk
Raw Coffee,"2 Central Park Rd, London E6 3DY, UK",,,4.6,27,,OPERATIONAL,,ChIJbf6tdv6n2EcROHLrKUA2Tig,coffee shops,2025-09-17T16:29:16.562141,
Times Coffee Stratford,"7 Station St, London E15 1DA, UK",,https://www.timescoffee.co.uk/,4.9,16,,OPERATIONAL,,ChIJI9GT_X4ddkgRTs2YjpOroNE,coffee shops,2025-09-17T16:29:16.360679,info@www.timescoffee.co.uk
"yapix 🇮🇹 Coffee & Wine House. All-day Dining, Brunch, Aperitivo, Cocktails.","15 Minnie Baldock St, London E16 1YE, UK",07425 580928,https://www.yapix.co/,4.8,352,,OPERATIONAL,,ChIJCT4SG3yp2EcRIjser9vRbH4,coffee shops,2025-09-17T16:29:16.166991,"hello@yapix.co, continents.
 










@yapix.house"
AJ Electrical & Plumbing,"Lonsdale Ave, London E6 3PW, UK",020 8629 3222,http://www.ajeps.co.uk/,4.8,72,,OPERATIONAL,,ChIJy35Jr5Cn2EcRiUH3gVUH01U,electricians,2025-09-17T16:31:59.747321,"filler@godaddy.combookingsordersmy, filler@godaddy.comhomeserviceselectrical"
AR Electricians,"1 Bushey Rd, London E13 9EN, UK",07984 529093,http://arelectricians.co.uk/,5.0,9,,OPERATIONAL,,ChIJ7Vl1cMgNKYURntp9bv5uau0,electricians,2025-09-17T16:31:57.196579,info@arelectricians.co.uk
Al-Amin Electrical Contractor,"20, Peninsula Court, 2 Montford Pl, London E15 2QW, UK",020 7476 2153,https://www.al-aminelectrical.co.uk/,4.9,489,,OPERATIONAL,,ChIJP0qjZHKo2EcRv986_aUMZlI,electricians,2025-09-17T16:31:56.735835,info@www.al-aminelectrical.co.uk
Anytime Electrical And Heating Canning Town,"McCabe Court, 99 Barking Rd, London E16 4HE, UK",07400 078605,,5.0,3,,OPERATIONAL,,ChIJgetiZPmn2EcRufvtxInGiHU,electricians,2025-09-17T16:31:58.250035,
Ben Installation Electrical contractor,"163 Trafalgar Rd, London SE10 9TX, UK",07399 647119,http://www.beninstallation.net/,4.9,70,,OPERATIONAL,,ChIJycNTas-p2EcRM0z_bdHpkDM,electricians,2025-09-17T16:31:59.941380,info@www.beninstallation.net
Certified Electricians London Ltd,"4, 156 Westferry Rd, London E14 3QA, UK",07951 966439,http://www.certifiedelectricians.london/,5.0,245,,OPERATIONAL,,ChIJbYc7EXMDdkgRJ9BUyZ3vn8g,electricians,2025-09-17T16:31:58.467981,"info@certifiedelectricians.londoncomplaints, info@certifiedelectricians.london"
Electrical Solutions 247 Ltd,"Flat 3, 117 Cannon St Rd, London E1 2LX, UK",07777 968288,https://www.electricalsolutions247ltd.co.uk/,5.0,231,,OPERATIONAL,,ChIJSXii85EDdkgRFFUMtcUG2XM,electricians,2025-09-17T16:31:57.651259,"info.electricalsolutions247ltd@gmail.com, info@electricalsolutions247ltd.co.ukfree"
Electricians4u ltd,"Office 5, 736, 740 Romford Rd, London E12 6BT, UK",020 8945 3483,https://electricians4ultd.co.uk/,4.8,74,,OPERATIONAL,,ChIJMf6kOYen2EcRLbYYsijyTYg,electricians,2025-09-17T16:31:59.295364,info@electricians4ultd.co.uk
Ideal Electricians Ltd,"9 Woodward Rd, Dagenham RM9 4SJ, UK",07502 396654,https://www.idealelectricians.co.uk/,4.9,158,,OPERATIONAL,,ChIJu5SRVLyl2EcRv6CoPmqCROE,electricians,2025-09-17T16:31:59.489318,"idealelectricians@gmail.com, emailidealelectricians@gmail.com"
JBS Electrics Ltd,"7 Baron Walk, London E16 4PW, UK",020 7055 0956,http://jbselectrics.co.uk/,5.0,101,,OPERATIONAL,,ChIJNdX87vyn2EcRLeNOruyckJI,electricians,2025-09-17T16:31:58.020897,info@jbselectrics.co.uk
L & Z Upton Park Electrical,"14 Queen's Rd, London E13 9AQ, UK",07520 619716,,5.0,10,,OPERATIONAL,,ChIJlTumELe0e0gRvsJEMqVp5hs,electricians,2025-09-17T16:31:56.927155,
Lloyd Hallowell Electrics,"Flat 61, Sandall House, Daling Way, Bow, London E3 5NB, UK",,https://www.lloydhallowellelectrics.co.uk/,5.0,213,,OPERATIONAL,,ChIJL6qkLCMddkgRLXw4iiekFNw,electricians,2025-09-17T16:31:57.399882,info@www.lloydhallowellelectrics.co.uk
London Electricians 24/7,"116 Edgeworth Rd, London N3 3EZ, UK",020 3651 9615,https://www.london-electricians-247.co.uk/,5.0,30,,OPERATIONAL,,ChIJ_wdrYKSp2EcRFWO4kxHqR5k,electricians,2025-09-17T16:32:00.132809,"emailinfo@london-electricians-247.co.uk, info@london-electricians-247.co.uk, priceinfo@london-electricians-247.co.uk"
London Electrics Ltd,"22 Margaret Way, London IG4 5DD, UK",07795 695656,http://londonelectrics.ltd/,5.0,168,,OPERATIONAL,,ChIJ3SeU1TeW_wcRoi3CEV66mY0,electricians,2025-09-17T16:32:00.354014,info@londonelectrics.ltd
MAC Business & Services LTD ( Mac Electrical),"515 Katherine Rd, London E7 8DR, UK",020 3417 7070,https://macelectricals.co.uk/,5.0,44,,OPERATIONAL,,ChIJtX3BN7Cn2EcRzyV-hR8f-hM,electricians,2025-09-17T16:32:00.566376,info@macelectricals.co.uk
Royal Docks Electrical Ltd,"Unit 3a, Thames Enterprise Centre, Princess Margaret Road, East Tilbury, London RM18 8RH, UK",020 7473 7807,https://royaldockselectrical.com/,5.0,49,,OPERATIONAL,,ChIJtcbJ8Wup2EcRCThQC6dTWK4,electricians,2025-09-17T16:31:57.829312,info@royaldockselectrical.com
SA Electrical & Plumbing Contractors,"11 Cheltenham Rd, London E10 6EU, UK",07796 893239,https://saelectrical.uk/,5.0,130,,OPERATIONAL,,ChIJtxRNMFIddkgRbOdPxDkrF3U,electricians,2025-09-17T16:31:58.880945,sales@saelectrical.uk
VOLT ELECTRICIANS ..... vol+ electricians,"64 Leslie Rd, London E11 4HG, UK",07792 824181,https://volt-electricians.com/,5.0,5,,OPERATIONAL,,ChIJc1h9UYsX1UYRi8K3ZTL_poE,electricians,2025-09-17T16:32:00.800726,"sparky@volt-electricians.comdiscounts, sparky@volt-electricians.com, 824181sparky@volt-electricians.com"
Volt Electrical Solutions Ltd,"28, Saddlers House, 13 Ribbons Walk, East Village, London E20 1AX, UK",07984 919757,http://www.voltelectricalsolutions.co.uk/,5.0,138,,OPERATIONAL,,ChIJ_-TI0CBqFEoRNwRjDqTk6r8,electricians,2025-09-17T16:31:59.084015,"info@volt-electrical-solutions.co.uk, info@volt-electrical-solutions.co.ukfollow, info@volt-electrical-solutions.co.ukhomeservicesfull"
Wapping Electricians,"24, Marmara Apartments, 13 Western Gateway, London E16 1AJ, UK",020 7473 7807,http://www.royaldockselectrical.com/,4.9,38,,OPERATIONAL,,ChIJc5QoEiSp2EcRImxJR3-_sv0,electricians,2025-09-17T16:31:58.698523,info@www.royaldockselectrical.com
Dixy Chicken,"135b High St, London E13 9HH, UK",07909 199828,,4.0,51,1.0,OPERATIONAL,,ChIJ_40Vhhen2EcRqgc5qd0GOrY,food delivery,2025-09-17T16:29:18.967958,
Grillin Xpress,"472 Green St, London E13 9DB, UK",020 3336 9222,https://www.grillinxpress.uk/uptonpark/,3.7,231,,OPERATIONAL,,ChIJMzob3B-n2EcRW-lTjTPS3Es,food delivery,2025-09-17T16:29:18.073082,info@www.grillinxpress.uk
Peri Peri Chicken & Pizza,"132 Barking Rd, London E6 3BD, UK",020 8470 4499,https://www.periperichickene6.co.uk/,4.3,319,,OPERATIONAL,,ChIJo7PSZMun2EcRz8VGfffxUOE,food delivery,2025-09-17T16:29:19.389762,info@www.periperichickene6.co.uk
Pizza On Demand - Plaistow,"8 Prince Regent Ln, London E13 8QG, UK",020 8470 7060,https://www.pizzaondemand.co.uk/plaistow/?mtm_campaign=Business%20Profiles&mtm_kwd=Google%20Business,3.3,110,1.0,OPERATIONAL,,ChIJTef5VNun2EcRKiRLUB8ENC0,food delivery,2025-09-17T16:29:19.589182,info@www.pizzaondemand.co.uk
Pizzano Pizza,"15A Balaam St, London E13 8EB, UK",020 7474 9220,https://pizzanopizzae13.com/,3.7,180,1.0,OPERATIONAL,,ChIJudAKDJGn2EcRF1KyH3-SY44,food delivery,2025-09-17T16:29:19.836420,info@pizzanopizzae13.com
Plaistow Pizza & Chicken,"8 High St, London E13 0AJ, UK",07557 550367,,4.1,117,2.0,OPERATIONAL,,ChIJkcBS2Oun2EcR2ZImsdpiTik,food delivery,2025-09-17T16:29:17.891654,
Spice,"48 Prince Regent Ln, London E13 8QQ, UK",020 7474 2121,,3.9,145,1.0,OPERATIONAL,,ChIJbRIrbtun2EcRaKQ7ygef3t8,food delivery,2025-09-17T16:29:19.166081,
The Pizza Box - Official,"283 Barking Rd, London E13 8EQ, UK",020 3669 5622,https://thepizzabox.co.uk/,4.9,206,,OPERATIONAL,,ChIJkd33EVWn2EcRqx1mh9Zh4wY,food delivery,2025-09-17T16:29:18.556816,info@thepizzabox.co.uk
Top Favourite,"12 Barking Rd, London E6 3BP, UK",020 8471 1667,https://ukmapsgo.org/business/top-favourite-vn1Dp7E,4.0,234,,OPERATIONAL,,ChIJLaMQ0c6n2EcRSNFcvn1Dp7E,food delivery,2025-09-17T16:29:18.376789,info@ukmapsgo.org
Al Noor PHB Services Ltd,"311 Barking Rd, London E13 8EE, UK",020 3948 6022,http://www.alnoorphbservices.co.uk/,4.9,90,,OPERATIONAL,,ChIJ4xBwH9-n2EcRCVP3ifgvZ_0,plumbers,2025-09-17T16:31:52.925658,info@www.alnoorphbservices.co.uk
D & S Yearling Plumbing Heating & Gas Services,"52 Kingsland Rd, London E13 9PA, UK",07850 790275,,4.6,11,,OPERATIONAL,,ChIJd2yh7r7sbEgRYtd_-DbFu50,plumbers,2025-09-17T16:31:55.022089,
DPP Heating and Plumbing,"Godwin Rd, London E7 0LE, UK",07921 438947,http://dppheatingandplumbing.co.uk/,5.0,47,,OPERATIONAL,,ChIJwRbSumGn2EcRcdXfbfd6gj4,plumbers,2025-09-17T16:31:53.974068,info@dppheatingandplumbing.co.uk
Early Bird J Plumbing & Gas Ltd,"22 Jedburgh Rd, London E13 9LG, UK",07951 725518,http://www.ebjgas.com/,5.0,1,,OPERATIONAL,,ChIJ8Rs11NCl2EcRxem8THi3WPg,plumbers,2025-09-17T16:31:54.600904,info@www.ebjgas.com
East End Plumbers,"8 Bodney Rd, Lower Clapton, London E8 1AY, UK",020 8611 2591,https://eastendplumbers.co.uk/,4.9,302,,OPERATIONAL,,ChIJD-bFV4IddkgRcEHEqCTOk6M,plumbers,2025-09-17T16:31:53.528104,info@eastendplumbers.co.uk
East London Plumbers,"28 Wellington Way, Bow, London E3 4XA, UK",07735 743440,https://eastlondonplumber.com/,4.9,128,,OPERATIONAL,,ChIJE1Z8xC0ddkgR3wO6s2ENSlA,plumbers,2025-09-17T16:31:53.709262,"help@eastlondonplumber.com, servicesplumbingbathroomsboilers02031050368help@eastlondonplumber.com"
Emergency plumber south-east London,"42 Lenthorp Rd, London SE10 0HT, UK",07476 635835,https://www.emergencyplumber24hr.uk/,4.9,251,,OPERATIONAL,,ChIJa1T7m4ip2EcRF74thiAAtn0,plumbers,2025-09-17T16:31:55.811712,info@www.emergencyplumber24hr.uk
Expert plumbers ltd,"46 Dagmar Ct, London E14 3JF, UK",07943 144166,http://www.plumbereastlondon.com/,4.3,151,,OPERATIONAL,,ChIJI_GRTqICdkgRXG0luvpA1wc,plumbers,2025-09-17T16:31:54.785623,info@plumbereastlondon.com
Gas Zone Plumbing & Heating,"1 Canning Rd, London E15 3NW, UK",07300 353247,https://www.gaszone.co.uk/,4.9,94,,OPERATIONAL,,ChIJN73Thbqn2EcRGfz8k9xat0c,plumbers,2025-09-17T16:31:54.362241,"info@gaszone.co.uk, admin@gaszone.co.uk"
Kris Plumbing And Heating Upton Park,"158B Plashet Rd, London E13 0QT, UK",07480 788121,,4.2,10,,OPERATIONAL,,ChIJ3Q_6Po2n2EcRPjbmTnkSsEE,plumbers,2025-09-17T16:31:53.315776,
LW Plumbing & Heating Solutions LTD,"3 Southwest Rd, London E11 4AW, UK",020 3728 8855,https://lwplumbingandheatingsolutions.co.uk/,5.0,228,,OPERATIONAL,,ChIJGb7XLRqn2EcRdyFANpVuZZY,plumbers,2025-09-17T16:31:54.155888,"info@lwplumbingandheatingsolutions.co.uk, lwplumbingsolutions@gmail.com"
Mayfair Plumbers,"13, Mersey House, Liverpool Rd, London N7 8QE, UK",020 3633 1526,https://www.mayfairplumbers.london/,4.9,210,,OPERATIONAL,,ChIJafd7cE4bdkgRZIGyQ9Qi-9Q,plumbers,2025-09-17T16:31:55.440421,info@mayfairplumbers.london
Near Me Plumbers,"38 Glaisher St, London SE8 3ET, UK",07521 305976,https://www.nearmeplumbers.co.uk/,5.0,203,,OPERATIONAL,,ChIJPXlqTUgDdkgRqMmbx-6x_BQ,plumbers,2025-09-17T16:31:55.216793,info@www.nearmeplumbers.co.uk
Pippo Plumbers LTD,"OFFICE, 2 Albert Basin Way, London E16 2QZ, UK",020 3355 0733,https://pippoplumbers.co.uk/,4.7,159,,OPERATIONAL,,ChIJCWA7aMEddkgRGSsrNiE2GQE,plumbers,2025-09-17T16:31:52.671556,"0733pippotheplumber@gmail.comaddresspippo, pippotheplumber@gmail.comquick, pippotheplumber@gmail.com"
Plumb London,"Keppel Rd, London E6 2BD, UK",020 8099 8170,https://www.plumblondon.com/plumbing/plumbers/east-ham.html,4.5,2,,OPERATIONAL,,ChIJE8ZiSzam2EcRFCiWD5ZMHvA,plumbers,2025-09-17T16:31:55.625913,info@www.plumblondon.com
Rapid Plumbing And Heating Canning town,"126A Barking Rd, London E16 1EN, UK",07360 541926,,4.5,8,,OPERATIONAL,,ChIJq_yoWKmn2EcRIxCLJzwQjN4,plumbers,2025-09-17T16:31:53.123424,
Rapid React Plumbing,"24 Wyatt Rd, London E7 9NE, UK",07958 432679,https://rapidreactplumbing.co.uk/,4.9,202,,OPERATIONAL,,ChIJtzIoJpan2EcRZaWbGE3xv_s,plumbers,2025-09-17T16:31:52.059629,info@rapidreactplumbing.co.uk
Raymond Plumbing & Electrical,"31 Raymond Rd, London E13 9AP, UK",07520 666002,,5.0,9,,OPERATIONAL,,ChIJqx3wGsOn2EcRnY3eW1OaPCM,plumbers,2025-09-17T16:31:52.481058,
Tafa Plumbing and Heating Ltd,"Flat 19, Michael Cliff House, Skinner Street, London EC1R 0WW, UK",07488 707638,https://tafaplumbing.co.uk/,4.8,35,,OPERATIONAL,,ChIJw1vYS9sbdkgR_ASV4j-JAfs,plumbers,2025-09-17T16:31:52.241320,info@tafaplumbing.co.uk
Vesey Plumber Poplar,"Kilmore House, 2 Vesey Path, London E14 6BP, UK",07520 631760,,5.0,10,,OPERATIONAL,,ChIJzRCcMmeq2EcR6-fIviP2lmk,plumbers,2025-09-17T16:31:56.078264,
Aroma Multi Cuisine Restaurant Eastham,"Unit 7 Market St, London E6 1HW, UK",07951 652748,,4.8,63,,OPERATIONAL,,ChIJFSPe0bmn2EcRS1Rzj_U7xfU,restaurants,2025-09-17T16:29:13.877999,
Caloroso Pizza & Bar (Plaistow),"6 Terrace Rd, London E13 0PB, UK",020 8471 9489,https://www.caloroso.co.uk/restaurant-in-plaistow,4.7,499,,OPERATIONAL,,ChIJExp4iOGn2EcRLlzwHVvpLuk,restaurants,2025-09-17T16:29:14.360035,info@www.caloroso.co.uk
Charcoal,"279 Prince Regent Ln, London E13 8SD, UK",020 7055 3888,https://www.charcoalrestaurant.co.uk/,4.2,436,,OPERATIONAL,,ChIJbxmKqdmn2EcRYcV_ux9rhw4,restaurants,2025-09-17T16:29:14.822235,info@www.charcoalrestaurant.co.uk
Charminar Restaurant,"88 Katherine Rd, London E6 1EN, UK",020 8472 8888,https://www.charminarrestaurant.co.uk/index.php,4.4,2002,2.0,OPERATIONAL,,ChIJWYizSzen2EcRgHNnT6KFWZ0,restaurants,2025-09-17T16:29:15.313530,info@www.charminarrestaurant.co.uk
Charminar Restaurant Green Street,"245 Plashet Rd, London E13 0QU, UK",020 3337 3406,https://www.charminargreenstreet.co.uk/,4.2,374,,OPERATIONAL,,ChIJQ2YfPwCn2EcRi0WqDXPPPbA,restaurants,2025-09-17T16:29:13.668659,info@www.charminargreenstreet.co.uk
Fireaway Upton Park,"391 Green St, London E13 9AU, UK",020 3410 8865,http://fireaway.co.uk/,4.6,458,,OPERATIONAL,,ChIJwYI1-1un2EcRyK0QYM2mFOg,restaurants,2025-09-17T16:29:15.518849,info@fireaway.co.uk
Hawksmoor Wood Wharf,"1 Water St, London E14 5GX, UK",020 3988 0510,https://thehawksmoor.com/locations/wood-wharf/?utm_source=google&utm_medium=organic&utm_campaign=gbp,4.5,1597,3.0,OPERATIONAL,,ChIJT0SXYw8DdkgRUUYIYtblTlg,restaurants,2025-09-17T16:29:15.117602,"bookatable@thehawksmoor.com, woodwharf@thehawksmoor.com"
Kohinoor Grill & Thrill,"386 Barking Rd, London E13 8HJ, UK",020 3876 2745,https://kohinoorgrillandthrill.co.uk/,4.7,568,,OPERATIONAL,,ChIJq-aqSlCn2EcRgUs9bF2wNHg,restaurants,2025-09-17T16:29:13.419259,info@kohinoorgrillandthrill.co.uk
The Peacock Restaurant,"274 Barking Rd, London E6 3BA, UK",020 3609 5236,http://thepeacocklondon.com/,4.7,121,,OPERATIONAL,,ChIJMzjxWQCn2EcRtyZD6l3GeUw,restaurants,2025-09-17T16:29:14.155743,info@thepeacocklondon.com
Udaya Kerala Restaurant,"105 Katherine Rd, London E6 1ES, UK",020 8470 7400,http://www.udayarestaurant.com/,4.7,8869,2.0,OPERATIONAL,,ChIJ46LYoMqn2EcRg5SCWN1j1_E,restaurants,2025-09-17T16:29:14.593970,"contact@udayarestaurant.comwebsite, contact@udayarestaurant.com, udayarestaurantlondon@gmail.com, 7400contact@udayarestaurant.com"
